edition_date,periodId,team,team_source,rank,points,confederation
2026-04-01,20260401,France,France,1,1877,UEFA
2026-04-01,20260401,Spain,Spain,2,1876,UEFA
2026-04-01,20260401,Argentina,Argentina,3,1875,CONMEBOL
2026-04-01,20260401,England,England,4,1826,UEFA
2026-04-01,20260401,Portugal,Portugal,5,1764,UEFA
2026-04-01,20260401,Brazil,Brazil,6,1761,CONMEBOL
2026-04-01,20260401,Netherlands,Netherlands,7,1758,UEFA
2026-04-01,20260401,Morocco,Morocco,8,1756,CAF
2026-04-01,20260401,Belgium,Belgium,9,1735,UEFA
2026-04-01,20260401,Germany,Germany,10,1730,UEFA
2026-04-01,20260401,Croatia,Croatia,11,1717,UEFA
2026-04-01,20260401,Italy,Italy,12,1700,
2026-04-01,20260401,Colombia,Colombia,13,1693,CONMEBOL
2026-04-01,20260401,Senegal,Senegal,14,1689,CAF
2026-04-01,20260401,Mexico,Mexico,15,1681,CONCACAF
2026-04-01,20260401,United States,USA,16,1673,CONCACAF
2026-04-01,20260401,Uruguay,Uruguay,17,1673,CONMEBOL
2026-04-01,20260401,Japan,Japan,18,1660,AFC
2026-04-01,20260401,Switzerland,Switzerland,19,1649,UEFA
2026-04-01,20260401,Denmark,Denmark,20,1621,
2026-04-01,20260401,Iran,Iran,21,1615,AFC
2026-04-01,20260401,Turkey,Turkiye,22,1599,UEFA
2026-04-01,20260401,Ecuador,Ecuador,23,1595,CONMEBOL
2026-04-01,20260401,Austria,Austria,24,1593,UEFA
2026-04-01,20260401,South Korea,South Korea,25,1589,AFC
2026-04-01,20260401,Nigeria,Nigeria,26,1585,
2026-04-01,20260401,Australia,Australia,27,1581,AFC
2026-04-01,20260401,Algeria,Algeria,28,1564,CAF
2026-04-01,20260401,Egypt,Egypt,29,1563,CAF
2026-04-01,20260401,Canada,Canada,30,1556,CONCACAF
2026-04-01,20260401,Norway,Norway,31,1551,UEFA
2026-04-01,20260401,Ukraine,Ukraine,32,1547,
2026-04-01,20260401,Panama,Panama,33,1541,CONCACAF
2026-04-01,20260401,Ivory Coast,Ivory Coast,34,1533,CAF
2026-04-01,20260401,Poland,Poland,35,1528,
2026-04-01,20260401,Russia,Russia,36,1526,
2026-04-01,20260401,Wales,Wales,37,1524,
2026-04-01,20260401,Sweden,Sweden,38,1515,UEFA
2026-04-01,20260401,Serbia,Serbia,39,1509,
2026-04-01,20260401,Paraguay,Paraguay,40,1504,CONMEBOL
2026-04-01,20260401,Czech Republic,Czechia,41,1501,UEFA
2026-04-01,20260401,Hungary,Hungary,42,1501,
2026-04-01,20260401,Scotland,Scotland,43,1498,UEFA
2026-04-01,20260401,Tunisia,Tunisia,44,1483,CAF
2026-04-01,20260401,Cameroon,Cameroon,45,1481,
2026-04-01,20260401,DR Congo,DR Congo,46,1478,CAF
2026-04-01,20260401,Greece,Greece,47,1476,
2026-04-01,20260401,Slovakia,Slovakia,48,1474,
2026-04-01,20260401,Venezuela,Venezuela,49,1468,
2026-04-01,20260401,Uzbekistan,Uzbekistan,50,1465,AFC
2026-04-01,20260401,Costa Rica,Costa Rica,51,1460,
2026-04-01,20260401,Mali,Mali,52,1459,
2026-04-01,20260401,Peru,Peru,53,1456,
2026-04-01,20260401,Chile,Chile,54,1455,
2026-04-01,20260401,Qatar,Qatar,55,1455,AFC
2026-04-01,20260401,Romania,Romania,56,1451,
2026-04-01,20260401,Iraq,Iraq,57,1447,AFC
2026-04-01,20260401,Slovenia,Slovenia,58,1446,
2026-04-01,20260401,Ireland,Ireland,59,1437,
2026-04-01,20260401,South Africa,South Africa,60,1430,CAF
2026-04-01,20260401,Saudi Arabia,Saudi Arabia,61,1421,AFC
2026-04-01,20260401,Burkina Faso,Burkina Faso,62,1412,
2026-04-01,20260401,Jordan,Jordan,63,1391,AFC
2026-04-01,20260401,Albania,Albania,64,1388,
2026-04-01,20260401,Bosnia and Herzegovina,Bosnia and Herzegovina,65,1386,UEFA
2026-04-01,20260401,Honduras,Honduras,66,1380,
2026-04-01,20260401,North Macedonia,North Macedonia,67,1372,
2026-04-01,20260401,UAE,UAE,68,1370,
2026-04-01,20260401,Cape Verde,Cape Verde,69,1366,CAF
2026-04-01,20260401,Northern Ireland,Northern Ireland,70,1362,
2026-04-01,20260401,Jamaica,Jamaica,71,1358,
2026-04-01,20260401,Georgia,Georgia,72,1350,
2026-04-01,20260401,Finland,Finland,73,1346,
2026-04-01,20260401,Ghana,Ghana,74,1346,CAF
2026-04-01,20260401,Iceland,Iceland,75,1345,
2026-04-01,20260401,Bolivia,Bolivia,76,1329,
2026-04-01,20260401,Israel,Israel,77,1328,
2026-04-01,20260401,Kosovo,Kosovo,78,1319,
2026-04-01,20260401,Oman,Oman,79,1313,
2026-04-01,20260401,Guinea,Guinea,80,1300,
2026-04-01,20260401,Montenegro,Montenegro,81,1296,
2026-04-01,20260401,Curaçao,Curacao,82,1295,CONCACAF
2026-04-01,20260401,Haiti,Haiti,83,1292,CONCACAF
2026-04-01,20260401,Syria,Syria,84,1289,
2026-04-01,20260401,New Zealand,New Zealand,85,1282,OFC
2026-04-01,20260401,Bulgaria,Bulgaria,86,1279,
2026-04-01,20260401,Gabon,Gabon,87,1273,
2026-04-01,20260401,Uganda,Uganda,88,1264,
2026-04-01,20260401,Angola,Angola,89,1263,
2026-04-01,20260401,Benin,Benin,90,1259,
2026-04-01,20260401,Bahrain,Bahrain,91,1259,
2026-04-01,20260401,Zambia,Zambia,92,1256,
2026-04-01,20260401,Thailand,Thailand,93,1252,
2026-04-01,20260401,China,China,94,1252,
2026-04-01,20260401,Palestine,Palestine,95,1245,
2026-04-01,20260401,Guatemala,Guatemala,96,1243,
2026-04-01,20260401,Belarus,Belarus,97,1236,
2026-04-01,20260401,Luxembourg,Luxembourg,98,1228,
2026-04-01,20260401,Vietnam,Vietnam,99,1226,
2026-04-01,20260401,El Salvador,El Salvador,100,1225,
2026-04-01,20260401,Mozambique,Mozambique,101,1224,
2026-04-01,20260401,Trinidad and Tobago,Trinidad and Tobago,102,1223,
2026-04-01,20260401,Tajikistan,Tajikistan,103,1222,
2026-04-01,20260401,Madagascar,Madagascar,104,1204,
2026-04-01,20260401,Equatorial Guinea,Equatorial Guinea,105,1195,
2026-04-01,20260401,Armenia,Armenia,106,1191,
2026-04-01,20260401,Kyrgyzstan,Kyrgyzstan,107,1191,
2026-04-01,20260401,Lebanon,Lebanon,108,1188,
2026-04-01,20260401,Comoros,Comoros,109,1188,
2026-04-01,20260401,Kazakhstan,Kazakhstan,110,1183,
2026-04-01,20260401,Kenya,Kenya,111,1182,
2026-04-01,20260401,Libya,Libya,112,1182,
2026-04-01,20260401,Tanzania,Tanzania,113,1180,
2026-04-01,20260401,Niger,Niger,114,1180,
2026-04-01,20260401,Mauritania,Mauritania,115,1171,
2026-04-01,20260401,Gambia,Gambia,116,1160,
2026-04-01,20260401,Sudan,Sudan,117,1157,
2026-04-01,20260401,North Korea,North Korea,118,1151,
2026-04-01,20260401,Sierra Leone,Sierra Leone,119,1149,
2026-04-01,20260401,Namibia,Namibia,120,1149,
2026-04-01,20260401,Togo,Togo,121,1147,
2026-04-01,20260401,Indonesia,Indonesia,122,1145,
2026-04-01,20260401,Faroe Islands,Faroe Islands,123,1137,
2026-04-01,20260401,Azerbaijan,Azerbaijan,124,1137,
2026-04-01,20260401,Suriname,Suriname,125,1132,
2026-04-01,20260401,Cyprus,Cyprus,126,1128,
2026-04-01,20260401,Malawi,Malawi,127,1128,
2026-04-01,20260401,Rwanda,Rwanda,128,1127,
2026-04-01,20260401,Estonia,Estonia,129,1121,
2026-04-01,20260401,Zimbabwe,Zimbabwe,130,1118,
2026-04-01,20260401,Nicaragua,Nicaragua,131,1115,
2026-04-01,20260401,Guinea-Bissau,Guinea-Bissau,132,1108,
2026-04-01,20260401,Congo,Congo,133,1106,
2026-04-01,20260401,Kuwait,Kuwait,134,1105,
2026-04-01,20260401,Philippines,Philippines,135,1094,
2026-04-01,20260401,India,India,136,1091,
2026-04-01,20260401,Latvia,Latvia,137,1091,
2026-04-01,20260401,Malaysia,Malaysia,138,1086,
2026-04-01,20260401,Central African Republic,Central African Republic,139,1084,
2026-04-01,20260401,Liberia,Liberia,140,1079,
2026-04-01,20260401,Turkmenistan,Turkmenistan,141,1079,
2026-04-01,20260401,Burundi,Burundi,142,1078,
2026-04-01,20260401,Dominican Republic,Dominican Republic,143,1078,
2026-04-01,20260401,Ethiopia,Ethiopia,144,1072,
2026-04-01,20260401,Lesotho,Lesotho,145,1067,
2026-04-01,20260401,Botswana,Botswana,146,1064,
2026-04-01,20260401,Singapore,Singapore,147,1060,
2026-04-01,20260401,Lithuania,Lithuania,148,1058,
2026-04-01,20260401,Yemen,Yemen,149,1049,
2026-04-01,20260401,Guyana,Guyana,150,1049,
2026-04-01,20260401,New Caledonia,New Caledonia,151,1037,
2026-04-01,20260401,St. Kitts and Nevis,St. Kitts and Nevis,152,1036,
2026-04-01,20260401,Solomon Islands,Solomon Islands,153,1032,
2026-04-01,20260401,Fiji,Fiji,154,1030,
2026-04-01,20260401,Hong Kong,Hong Kong,155,1027,
2026-04-01,20260401,Puerto Rico,Puerto Rico,156,1026,
2026-04-01,20260401,Tahiti,Tahiti,157,1019,
2026-04-01,20260401,Myanmar,Myanmar,158,1012,
2026-04-01,20260401,Moldova,Moldova,159,1004,
2026-04-01,20260401,Vanuatu,Vanuatu,160,997,
2026-04-01,20260401,Malta,Malta,161,988,
2026-04-01,20260401,Antigua and Barbuda,Antigua and Barbuda,162,987,
2026-04-01,20260401,Grenada,Grenada,163,983,
2026-04-01,20260401,Cuba,Cuba,164,981,
2026-04-01,20260401,Eswatini,Eswatini,165,979,
2026-04-01,20260401,Bermuda,Bermuda,166,977,
2026-04-01,20260401,Saint Lucia,Saint Lucia,167,977,
2026-04-01,20260401,Papua New Guinea,Papua New Guinea,168,975,
2026-04-01,20260401,Afghanistan,Afghanistan,169,973,
2026-04-01,20260401,South Sudan,South Sudan,170,971,
2026-04-01,20260401,Saint Vincent and The Grenadines,Saint Vincent and The Grenadines,171,968,
2026-04-01,20260401,Maldives,Maldives,172,955,
2026-04-01,20260401,Andorra,Andorra,173,945,
2026-04-01,20260401,Chinese Taipei,Chinese Taipei,174,924,
2026-04-01,20260401,Montserrat,Montserrat,175,917,
2026-04-01,20260401,Nepal,Nepal,176,915,
2026-04-01,20260401,Cambodia,Cambodia,177,912,
2026-04-01,20260401,Mauritius,Mauritius,178,911,
2026-04-01,20260401,Barbados,Barbados,179,910,
2026-04-01,20260401,Belize,Belize,180,907,
2026-04-01,20260401,Bangladesh,Bangladesh,181,900,
2026-04-01,20260401,Dominica,Dominica,182,898,
2026-04-01,20260401,Chad,Chad,183,897,
2026-04-01,20260401,Laos,Laos,185,885,
2026-04-01,20260401,Bhutan,Bhutan,186,881,
2026-04-01,20260401,Mongolia,Mongolia,187,880,
2026-04-01,20260401,Cook Islands,Cook Islands,188,878,
2026-04-01,20260401,Aruba,Aruba,189,877,
2026-04-01,20260401,Samoa,Samoa,190,876,
2026-04-01,20260401,Sri Lanka,Sri Lanka,191,872,
2026-04-01,20260401,American Samoa,American Samoa,192,872,
2026-04-01,20260401,Brunei,Brunei,193,863,
2026-04-01,20260401,Macao,Macao,194,858,
2026-04-01,20260401,Cayman Islands,Cayman Islands,195,855,
2026-04-01,20260401,Sao Tome and Principe,Sao Tome and Principe,196,855,
2026-04-01,20260401,Djibouti,Djibouti,197,854,
2026-04-01,20260401,Somalia,Somalia,198,839,
2026-04-01,20260401,Tonga,Tonga,199,836,
2026-04-01,20260401,Timor-Leste,Timor-Leste,200,826,
2026-04-01,20260401,Guam,Guam,201,825,
2026-04-01,20260401,Pakistan,Pakistan,202,825,
2026-04-01,20260401,Gibraltar,Gibraltar,203,810,
2026-04-01,20260401,Seychelles,Seychelles,204,804,
2026-04-01,20260401,Turks and Caicos Islands,Turks and Caicos Islands,205,804,
2026-04-01,20260401,Liechtenstein,Liechtenstein,206,804,
2026-04-01,20260401,Bahamas,Bahamas,207,787,
2026-04-01,20260401,British Virgin Islands,British Virgin Islands,208,782,
2026-04-01,20260401,U.S. Virgin Islands,U.S. Virgin Islands,209,780,
2026-04-01,20260401,Anguilla,Anguilla,210,760,
2026-04-01,20260401,San Marino,San Marino,211,726,
2026-01-19,20260119,Spain,Spain,1,1877,UEFA
2026-01-19,20260119,Argentina,Argentina,2,1873,CONMEBOL
2026-01-19,20260119,France,France,3,1870,UEFA
2026-01-19,20260119,England,England,4,1834,UEFA
2026-01-19,20260119,Brazil,Brazil,5,1760,CONMEBOL
2026-01-19,20260119,Portugal,Portugal,6,1760,UEFA
2026-01-19,20260119,Netherlands,Netherlands,7,1756,UEFA
2026-01-19,20260119,Morocco,Morocco,8,1737,CAF
2026-01-19,20260119,Belgium,Belgium,9,1731,UEFA
2026-01-19,20260119,Germany,Germany,10,1724,UEFA
2026-01-19,20260119,Croatia,Croatia,11,1717,UEFA
2026-01-19,20260119,Senegal,Senegal,12,1707,CAF
2026-01-19,20260119,Italy,Italy,13,1702,
2026-01-19,20260119,Colombia,Colombia,14,1701,CONMEBOL
2026-01-19,20260119,United States,USA,15,1682,CONCACAF
2026-01-19,20260119,Mexico,Mexico,16,1676,CONCACAF
2026-01-19,20260119,Uruguay,Uruguay,17,1673,CONMEBOL
2026-01-19,20260119,Switzerland,Switzerland,18,1655,UEFA
2026-01-19,20260119,Japan,Japan,19,1650,AFC
2026-01-19,20260119,Iran,Iran,20,1617,AFC
2026-01-19,20260119,Denmark,Denmark,21,1617,
2026-01-19,20260119,South Korea,South Korea,22,1599,AFC
2026-01-19,20260119,Ecuador,Ecuador,23,1592,CONMEBOL
2026-01-19,20260119,Austria,Austria,24,1586,UEFA
2026-01-19,20260119,Turkey,Turkiye,25,1583,UEFA
2026-01-19,20260119,Nigeria,Nigeria,26,1582,
2026-01-19,20260119,Australia,Australia,27,1574,AFC
2026-01-19,20260119,Algeria,Algeria,28,1561,CAF
2026-01-19,20260119,Canada,Canada,29,1559,CONCACAF
2026-01-19,20260119,Ukraine,Ukraine,30,1557,
2026-01-19,20260119,Egypt,Egypt,31,1557,CAF
2026-01-19,20260119,Norway,Norway,32,1553,UEFA
2026-01-19,20260119,Panama,Panama,33,1539,CONCACAF
2026-01-19,20260119,Poland,Poland,34,1532,
2026-01-19,20260119,Wales,Wales,35,1530,
2026-01-19,20260119,Russia,Russia,36,1525,
2026-01-19,20260119,Ivory Coast,Ivory Coast,37,1522,CAF
2026-01-19,20260119,Scotland,Scotland,38,1507,UEFA
2026-01-19,20260119,Serbia,Serbia,39,1506,
2026-01-19,20260119,Paraguay,Paraguay,40,1502,CONMEBOL
2026-01-19,20260119,Hungary,Hungary,41,1496,
2026-01-19,20260119,Sweden,Sweden,42,1487,UEFA
2026-01-19,20260119,Czech Republic,Czechia,43,1487,UEFA
2026-01-19,20260119,Slovakia,Slovakia,44,1486,
2026-01-19,20260119,Cameroon,Cameroon,45,1482,
2026-01-19,20260119,Greece,Greece,46,1480,
2026-01-19,20260119,Tunisia,Tunisia,47,1479,CAF
2026-01-19,20260119,DR Congo,DR Congo,48,1468,CAF
2026-01-19,20260119,Romania,Romania,49,1466,
2026-01-19,20260119,Venezuela,Venezuela,50,1465,
2026-01-19,20260119,Costa Rica,Costa Rica,51,1464,
2026-01-19,20260119,Uzbekistan,Uzbekistan,52,1462,AFC
2026-01-19,20260119,Peru,Peru,53,1460,
2026-01-19,20260119,Mali,Mali,54,1458,
2026-01-19,20260119,Chile,Chile,55,1458,
2026-01-19,20260119,Qatar,Qatar,56,1455,AFC
2026-01-19,20260119,Slovenia,Slovenia,57,1447,
2026-01-19,20260119,Iraq,Iraq,58,1437,AFC
2026-01-19,20260119,Ireland,Ireland,59,1436,
2026-01-19,20260119,South Africa,South Africa,60,1433,CAF
2026-01-19,20260119,Saudi Arabia,Saudi Arabia,61,1429,AFC
2026-01-19,20260119,Burkina Faso,Burkina Faso,62,1413,
2026-01-19,20260119,Albania,Albania,63,1401,
2026-01-19,20260119,Jordan,Jordan,64,1389,AFC
2026-01-19,20260119,Honduras,Honduras,65,1380,
2026-01-19,20260119,North Macedonia,North Macedonia,66,1379,
2026-01-19,20260119,Cape Verde,Cape Verde,67,1370,CAF
2026-01-19,20260119,UAE,UAE,68,1370,
2026-01-19,20260119,Northern Ireland,Northern Ireland,69,1366,
2026-01-19,20260119,Jamaica,Jamaica,70,1362,
2026-01-19,20260119,Bosnia and Herzegovina,Bosnia and Herzegovina,71,1362,UEFA
2026-01-19,20260119,Ghana,Ghana,72,1351,CAF
2026-01-19,20260119,Georgia,Georgia,73,1348,
2026-01-19,20260119,Iceland,Iceland,74,1345,
2026-01-19,20260119,Finland,Finland,75,1342,
2026-01-19,20260119,Bolivia,Bolivia,76,1331,
2026-01-19,20260119,Israel,Israel,77,1328,
2026-01-19,20260119,Oman,Oman,78,1313,
2026-01-19,20260119,Kosovo,Kosovo,79,1309,
2026-01-19,20260119,Guinea,Guinea,80,1307,
2026-01-19,20260119,Curaçao,Curacao,81,1303,CONCACAF
2026-01-19,20260119,Montenegro,Montenegro,82,1297,
2026-01-19,20260119,Haiti,Haiti,83,1294,CONCACAF
2026-01-19,20260119,Syria,Syria,84,1283,
2026-01-19,20260119,New Zealand,New Zealand,85,1279,OFC
2026-01-19,20260119,Gabon,Gabon,86,1276,
2026-01-19,20260119,Bulgaria,Bulgaria,87,1272,
2026-01-19,20260119,Uganda,Uganda,88,1264,
2026-01-19,20260119,Angola,Angola,89,1263,
2026-01-19,20260119,Bahrain,Bahrain,90,1259,
2026-01-19,20260119,Zambia,Zambia,91,1257,
2026-01-19,20260119,Benin,Benin,92,1250,
2026-01-19,20260119,China,China,93,1249,
2026-01-19,20260119,Guatemala,Guatemala,94,1246,
2026-01-19,20260119,Palestine,Palestine,95,1245,
2026-01-19,20260119,Thailand,Thailand,96,1243,
2026-01-19,20260119,Trinidad and Tobago,Trinidad and Tobago,97,1227,
2026-01-19,20260119,Belarus,Belarus,98,1227,
2026-01-19,20260119,El Salvador,El Salvador,99,1227,
2026-01-19,20260119,Tajikistan,Tajikistan,100,1225,
2026-01-19,20260119,Mozambique,Mozambique,101,1224,
2026-01-19,20260119,Luxembourg,Luxembourg,102,1219,
2026-01-19,20260119,Kyrgyzstan,Kyrgyzstan,103,1201,
2026-01-19,20260119,Madagascar,Madagascar,104,1199,
2026-01-19,20260119,Armenia,Armenia,105,1196,
2026-01-19,20260119,Comoros,Comoros,106,1193,
2026-01-19,20260119,Equatorial Guinea,Equatorial Guinea,107,1190,
2026-01-19,20260119,Vietnam,Vietnam,108,1190,
2026-01-19,20260119,Lebanon,Lebanon,109,1188,
2026-01-19,20260119,Tanzania,Tanzania,110,1186,
2026-01-19,20260119,Niger,Niger,111,1185,
2026-01-19,20260119,Libya,Libya,112,1183,
2026-01-19,20260119,Kenya,Kenya,113,1180,
2026-01-19,20260119,Kazakhstan,Kazakhstan,114,1173,
2026-01-19,20260119,Mauritania,Mauritania,115,1171,
2026-01-19,20260119,Gambia,Gambia,116,1162,
2026-01-19,20260119,Sudan,Sudan,117,1157,
2026-01-19,20260119,Namibia,Namibia,118,1153,
2026-01-19,20260119,North Korea,North Korea,119,1151,
2026-01-19,20260119,Sierra Leone,Sierra Leone,120,1149,
2026-01-19,20260119,Malaysia,Malaysia,121,1146,
2026-01-19,20260119,Indonesia,Indonesia,122,1145,
2026-01-19,20260119,Suriname,Suriname,123,1141,
2026-01-19,20260119,Togo,Togo,124,1140,
2026-01-19,20260119,Faroe Islands,Faroe Islands,125,1135,
2026-01-19,20260119,Malawi,Malawi,126,1134,
2026-01-19,20260119,Azerbaijan,Azerbaijan,127,1133,
2026-01-19,20260119,Cyprus,Cyprus,128,1129,
2026-01-19,20260119,Estonia,Estonia,129,1123,
2026-01-19,20260119,Rwanda,Rwanda,130,1118,
2026-01-19,20260119,Nicaragua,Nicaragua,131,1117,
2026-01-19,20260119,Zimbabwe,Zimbabwe,132,1114,
2026-01-19,20260119,Guinea-Bissau,Guinea-Bissau,133,1108,
2026-01-19,20260119,Congo,Congo,134,1106,
2026-01-19,20260119,Kuwait,Kuwait,135,1105,
2026-01-19,20260119,Philippines,Philippines,136,1091,
2026-01-19,20260119,Turkmenistan,Turkmenistan,137,1088,
2026-01-19,20260119,Central African Republic,Central African Republic,138,1084,
2026-01-19,20260119,Latvia,Latvia,139,1083,
2026-01-19,20260119,Liberia,Liberia,140,1081,
2026-01-19,20260119,India,India,141,1080,
2026-01-19,20260119,Dominican Republic,Dominican Republic,142,1077,
2026-01-19,20260119,Lesotho,Lesotho,143,1066,
2026-01-19,20260119,Botswana,Botswana,144,1062,
2026-01-19,20260119,Burundi,Burundi,145,1060,
2026-01-19,20260119,Lithuania,Lithuania,146,1056,
2026-01-19,20260119,Ethiopia,Ethiopia,147,1055,
2026-01-19,20260119,Singapore,Singapore,148,1050,
2026-01-19,20260119,Yemen,Yemen,149,1049,
2026-01-19,20260119,New Caledonia,New Caledonia,150,1043,
2026-01-19,20260119,Guyana,Guyana,151,1042,
2026-01-19,20260119,Solomon Islands,Solomon Islands,152,1040,
2026-01-19,20260119,Hong Kong,Hong Kong,153,1038,
2026-01-19,20260119,St. Kitts and Nevis,St. Kitts and Nevis,154,1035,
2026-01-19,20260119,Fiji,Fiji,155,1030,
2026-01-19,20260119,Puerto Rico,Puerto Rico,156,1020,
2026-01-19,20260119,Tahiti,Tahiti,157,1019,
2026-01-19,20260119,Moldova,Moldova,158,1013,
2026-01-19,20260119,Eswatini,Eswatini,159,1011,
2026-01-19,20260119,Vanuatu,Vanuatu,160,997,
2026-01-19,20260119,Malta,Malta,161,997,
2026-01-19,20260119,Afghanistan,Afghanistan,162,991,
2026-01-19,20260119,Myanmar,Myanmar,163,991,
2026-01-19,20260119,Grenada,Grenada,164,990,
2026-01-19,20260119,Antigua and Barbuda,Antigua and Barbuda,165,987,
2026-01-19,20260119,Cuba,Cuba,166,980,
2026-01-19,20260119,Saint Lucia,Saint Lucia,167,980,
2026-01-19,20260119,South Sudan,South Sudan,168,978,
2026-01-19,20260119,Bermuda,Bermuda,169,977,
2026-01-19,20260119,Papua New Guinea,Papua New Guinea,170,975,
2026-01-19,20260119,Saint Vincent and The Grenadines,Saint Vincent and The Grenadines,171,964,
2026-01-19,20260119,Andorra,Andorra,172,949,
2026-01-19,20260119,Maldives,Maldives,173,945,
2026-01-19,20260119,Chinese Taipei,Chinese Taipei,174,938,
2026-01-19,20260119,Montserrat,Montserrat,175,917,
2026-01-19,20260119,Mauritius,Mauritius,176,916,
2026-01-19,20260119,Chad,Chad,177,915,
2026-01-19,20260119,Barbados,Barbados,178,914,
2026-01-19,20260119,Cambodia,Cambodia,179,912,
2026-01-19,20260119,Bangladesh,Bangladesh,180,911,
2026-01-19,20260119,Belize,Belize,181,911,
2026-01-19,20260119,Nepal,Nepal,182,903,
2026-01-19,20260119,Dominica,Dominica,183,901,
2026-01-19,20260119,American Samoa,American Samoa,184,883,
2026-01-19,20260119,Mongolia,Mongolia,185,880,
2026-01-19,20260119,Cook Islands,Cook Islands,186,878,
2026-01-19,20260119,Samoa,Samoa,187,876,
2026-01-19,20260119,Brunei,Brunei,188,876,
2026-01-19,20260119,Sao Tome and Principe,Sao Tome and Principe,189,872,
2026-01-19,20260119,Laos,Laos,190,871,
2026-01-19,20260119,Aruba,Aruba,191,868,
2026-01-19,20260119,Bhutan,Bhutan,192,868,
2026-01-19,20260119,Macao,Macao,193,865,
2026-01-19,20260119,Sri Lanka,Sri Lanka,194,857,
2026-01-19,20260119,Cayman Islands,Cayman Islands,195,852,
2026-01-19,20260119,Djibouti,Djibouti,196,847,
2026-01-19,20260119,Tonga,Tonga,197,836,
2026-01-19,20260119,Timor-Leste,Timor-Leste,198,836,
2026-01-19,20260119,Pakistan,Pakistan,199,833,
2026-01-19,20260119,Somalia,Somalia,200,829,
2026-01-19,20260119,Guam,Guam,201,823,
2026-01-19,20260119,Gibraltar,Gibraltar,202,818,
2026-01-19,20260119,Seychelles,Seychelles,203,805,
2026-01-19,20260119,Turks and Caicos Islands,Turks and Caicos Islands,204,804,
2026-01-19,20260119,Liechtenstein,Liechtenstein,205,800,
2026-01-19,20260119,Bahamas,Bahamas,206,797,
2026-01-19,20260119,U.S. Virgin Islands,U.S. Virgin Islands,207,777,
2026-01-19,20260119,British Virgin Islands,British Virgin Islands,208,777,
2026-01-19,20260119,Anguilla,Anguilla,209,760,
2026-01-19,20260119,San Marino,San Marino,210,726,
2025-11-20,20251120,Spain,Spain,1,1877,UEFA
2025-11-20,20251120,Argentina,Argentina,2,1873,CONMEBOL
2025-11-20,20251120,France,France,3,1870,UEFA
2025-11-20,20251120,England,England,4,1834,UEFA
2025-11-20,20251120,Brazil,Brazil,5,1760,CONMEBOL
2025-11-20,20251120,Portugal,Portugal,6,1760,UEFA
2025-11-20,20251120,Netherlands,Netherlands,7,1756,UEFA
2025-11-20,20251120,Belgium,Belgium,8,1731,UEFA
2025-11-20,20251120,Germany,Germany,9,1724,UEFA
2025-11-20,20251120,Croatia,Croatia,10,1717,UEFA
2025-11-20,20251120,Morocco,Morocco,11,1713,CAF
2025-11-20,20251120,Italy,Italy,12,1702,
2025-11-20,20251120,Colombia,Colombia,13,1701,CONMEBOL
2025-11-20,20251120,United States,USA,14,1682,CONCACAF
2025-11-20,20251120,Mexico,Mexico,15,1676,CONCACAF
2025-11-20,20251120,Uruguay,Uruguay,16,1673,CONMEBOL
2025-11-20,20251120,Switzerland,Switzerland,17,1655,UEFA
2025-11-20,20251120,Japan,Japan,18,1650,AFC
2025-11-20,20251120,Senegal,Senegal,19,1648,CAF
2025-11-20,20251120,Iran,Iran,20,1617,AFC
2025-11-20,20251120,Denmark,Denmark,21,1617,
2025-11-20,20251120,South Korea,South Korea,22,1599,AFC
2025-11-20,20251120,Ecuador,Ecuador,23,1592,CONMEBOL
2025-11-20,20251120,Austria,Austria,24,1586,UEFA
2025-11-20,20251120,Turkey,Turkiye,25,1583,UEFA
2025-11-20,20251120,Australia,Australia,26,1574,AFC
2025-11-20,20251120,Canada,Canada,27,1559,CONCACAF
2025-11-20,20251120,Ukraine,Ukraine,28,1557,
2025-11-20,20251120,Norway,Norway,29,1553,UEFA
2025-11-20,20251120,Panama,Panama,30,1540,CONCACAF
2025-11-20,20251120,Poland,Poland,31,1532,
2025-11-20,20251120,Wales,Wales,32,1530,
2025-11-20,20251120,Russia,Russia,33,1525,
2025-11-20,20251120,Egypt,Egypt,34,1521,CAF
2025-11-20,20251120,Algeria,Algeria,35,1516,CAF
2025-11-20,20251120,Scotland,Scotland,36,1507,UEFA
2025-11-20,20251120,Serbia,Serbia,37,1506,
2025-11-20,20251120,Nigeria,Nigeria,38,1502,
2025-11-20,20251120,Paraguay,Paraguay,39,1502,CONMEBOL
2025-11-20,20251120,Tunisia,Tunisia,40,1497,CAF
2025-11-20,20251120,Hungary,Hungary,41,1496,
2025-11-20,20251120,Ivory Coast,Ivory Coast,42,1490,CAF
2025-11-20,20251120,Sweden,Sweden,43,1487,UEFA
2025-11-20,20251120,Czech Republic,Czechia,44,1487,UEFA
2025-11-20,20251120,Slovakia,Slovakia,45,1486,
2025-11-20,20251120,Greece,Greece,46,1480,
2025-11-20,20251120,Romania,Romania,47,1466,
2025-11-20,20251120,Venezuela,Venezuela,48,1465,
2025-11-20,20251120,Costa Rica,Costa Rica,49,1464,
2025-11-20,20251120,Uzbekistan,Uzbekistan,50,1462,AFC
2025-11-20,20251120,Qatar,Qatar,51,1462,AFC
2025-11-20,20251120,Peru,Peru,52,1460,
2025-11-20,20251120,Chile,Chile,53,1458,
2025-11-20,20251120,Mali,Mali,54,1455,
2025-11-20,20251120,Slovenia,Slovenia,55,1447,
2025-11-20,20251120,DR Congo,DR Congo,56,1443,CAF
2025-11-20,20251120,Cameroon,Cameroon,57,1440,
2025-11-20,20251120,Iraq,Iraq,58,1439,AFC
2025-11-20,20251120,Ireland,Ireland,59,1436,
2025-11-20,20251120,Saudi Arabia,Saudi Arabia,60,1429,AFC
2025-11-20,20251120,South Africa,South Africa,61,1427,CAF
2025-11-20,20251120,Burkina Faso,Burkina Faso,62,1405,
2025-11-20,20251120,Albania,Albania,63,1401,
2025-11-20,20251120,Honduras,Honduras,64,1380,
2025-11-20,20251120,North Macedonia,North Macedonia,65,1379,
2025-11-20,20251120,Jordan,Jordan,66,1378,AFC
2025-11-20,20251120,UAE,UAE,67,1370,
2025-11-20,20251120,Cape Verde,Cape Verde,68,1368,CAF
2025-11-20,20251120,Northern Ireland,Northern Ireland,69,1366,
2025-11-20,20251120,Jamaica,Jamaica,70,1362,
2025-11-20,20251120,Bosnia and Herzegovina,Bosnia and Herzegovina,71,1362,UEFA
2025-11-20,20251120,Ghana,Ghana,72,1351,CAF
2025-11-20,20251120,Georgia,Georgia,73,1348,
2025-11-20,20251120,Iceland,Iceland,74,1345,
2025-11-20,20251120,Finland,Finland,75,1342,
2025-11-20,20251120,Bolivia,Bolivia,76,1330,
2025-11-20,20251120,Israel,Israel,77,1328,
2025-11-20,20251120,Gabon,Gabon,78,1321,
2025-11-20,20251120,Oman,Oman,79,1312,
2025-11-20,20251120,Kosovo,Kosovo,80,1309,
2025-11-20,20251120,Guinea,Guinea,81,1307,
2025-11-20,20251120,Curaçao,Curacao,82,1303,CONCACAF
2025-11-20,20251120,Montenegro,Montenegro,83,1297,
2025-11-20,20251120,Haiti,Haiti,84,1294,CONCACAF
2025-11-20,20251120,Uganda,Uganda,85,1288,
2025-11-20,20251120,New Zealand,New Zealand,86,1279,OFC
2025-11-20,20251120,Syria,Syria,87,1278,
2025-11-20,20251120,Bulgaria,Bulgaria,88,1272,
2025-11-20,20251120,Angola,Angola,89,1272,
2025-11-20,20251120,Zambia,Zambia,90,1260,
2025-11-20,20251120,Bahrain,Bahrain,91,1259,
2025-11-20,20251120,Benin,Benin,92,1256,
2025-11-20,20251120,China,China,93,1249,
2025-11-20,20251120,Guatemala,Guatemala,94,1246,
2025-11-20,20251120,Thailand,Thailand,95,1243,
2025-11-20,20251120,Palestine,Palestine,96,1231,
2025-11-20,20251120,Equatorial Guinea,Equatorial Guinea,97,1229,
2025-11-20,20251120,Trinidad and Tobago,Trinidad and Tobago,98,1227,
2025-11-20,20251120,Belarus,Belarus,99,1227,
2025-11-20,20251120,El Salvador,El Salvador,100,1227,
2025-11-20,20251120,Tajikistan,Tajikistan,101,1225,
2025-11-20,20251120,Mozambique,Mozambique,102,1223,
2025-11-20,20251120,Luxembourg,Luxembourg,103,1219,
2025-11-20,20251120,Kyrgyzstan,Kyrgyzstan,104,1201,
2025-11-20,20251120,Madagascar,Madagascar,105,1199,
2025-11-20,20251120,Armenia,Armenia,106,1196,
2025-11-20,20251120,Lebanon,Lebanon,107,1191,
2025-11-20,20251120,Comoros,Comoros,108,1190,
2025-11-20,20251120,Niger,Niger,109,1185,
2025-11-20,20251120,Vietnam,Vietnam,110,1184,
2025-11-20,20251120,Libya,Libya,111,1183,
2025-11-20,20251120,Tanzania,Tanzania,112,1181,
2025-11-20,20251120,Kenya,Kenya,113,1180,
2025-11-20,20251120,Mauritania,Mauritania,114,1174,
2025-11-20,20251120,Kazakhstan,Kazakhstan,115,1173,
2025-11-20,20251120,Malaysia,Malaysia,116,1168,
2025-11-20,20251120,Gambia,Gambia,117,1162,
2025-11-20,20251120,Sudan,Sudan,118,1154,
2025-11-20,20251120,Namibia,Namibia,119,1153,
2025-11-20,20251120,North Korea,North Korea,120,1151,
2025-11-20,20251120,Sierra Leone,Sierra Leone,121,1149,
2025-11-20,20251120,Indonesia,Indonesia,122,1145,
2025-11-20,20251120,Suriname,Suriname,123,1141,
2025-11-20,20251120,Togo,Togo,124,1140,
2025-11-20,20251120,Faroe Islands,Faroe Islands,125,1135,
2025-11-20,20251120,Malawi,Malawi,126,1134,
2025-11-20,20251120,Azerbaijan,Azerbaijan,127,1133,
2025-11-20,20251120,Cyprus,Cyprus,128,1129,
2025-11-20,20251120,Zimbabwe,Zimbabwe,129,1124,
2025-11-20,20251120,Estonia,Estonia,130,1123,
2025-11-20,20251120,Rwanda,Rwanda,131,1118,
2025-11-20,20251120,Nicaragua,Nicaragua,132,1117,
2025-11-20,20251120,Guinea-Bissau,Guinea-Bissau,133,1108,
2025-11-20,20251120,Congo,Congo,134,1106,
2025-11-20,20251120,Kuwait,Kuwait,135,1103,
2025-11-20,20251120,Philippines,Philippines,136,1091,
2025-11-20,20251120,Turkmenistan,Turkmenistan,137,1088,
2025-11-20,20251120,Botswana,Botswana,138,1085,
2025-11-20,20251120,Central African Republic,Central African Republic,139,1084,
2025-11-20,20251120,Latvia,Latvia,140,1083,
2025-11-20,20251120,Liberia,Liberia,141,1081,
2025-11-20,20251120,India,India,142,1080,
2025-11-20,20251120,Dominican Republic,Dominican Republic,143,1077,
2025-11-20,20251120,Lesotho,Lesotho,144,1066,
2025-11-20,20251120,Burundi,Burundi,145,1060,
2025-11-20,20251120,Lithuania,Lithuania,146,1056,
2025-11-20,20251120,Ethiopia,Ethiopia,147,1055,
2025-11-20,20251120,Yemen,Yemen,148,1049,
2025-11-20,20251120,New Caledonia,New Caledonia,149,1043,
2025-11-20,20251120,Guyana,Guyana,150,1042,
2025-11-20,20251120,Singapore,Singapore,151,1040,
2025-11-20,20251120,Solomon Islands,Solomon Islands,152,1040,
2025-11-20,20251120,Hong Kong,Hong Kong,153,1038,
2025-11-20,20251120,St. Kitts and Nevis,St. Kitts and Nevis,154,1035,
2025-11-20,20251120,Fiji,Fiji,155,1030,
2025-11-20,20251120,Puerto Rico,Puerto Rico,156,1020,
2025-11-20,20251120,Tahiti,Tahiti,157,1019,
2025-11-20,20251120,Moldova,Moldova,158,1013,
2025-11-20,20251120,Eswatini,Eswatini,159,1011,
2025-11-20,20251120,Vanuatu,Vanuatu,160,997,
2025-11-20,20251120,Malta,Malta,161,997,
2025-11-20,20251120,Afghanistan,Afghanistan,162,991,
2025-11-20,20251120,Myanmar,Myanmar,163,991,
2025-11-20,20251120,Grenada,Grenada,164,990,
2025-11-20,20251120,Antigua and Barbuda,Antigua and Barbuda,165,987,
2025-11-20,20251120,Cuba,Cuba,166,980,
2025-11-20,20251120,Saint Lucia,Saint Lucia,167,980,
2025-11-20,20251120,South Sudan,South Sudan,168,979,
2025-11-20,20251120,Bermuda,Bermuda,169,977,
2025-11-20,20251120,Papua New Guinea,Papua New Guinea,170,975,
2025-11-20,20251120,Saint Vincent and The Grenadines,Saint Vincent and The Grenadines,171,964,
2025-11-20,20251120,Andorra,Andorra,172,949,
2025-11-20,20251120,Maldives,Maldives,173,945,
2025-11-20,20251120,Chinese Taipei,Chinese Taipei,174,938,
2025-11-20,20251120,Montserrat,Montserrat,175,917,
2025-11-20,20251120,Mauritius,Mauritius,176,916,
2025-11-20,20251120,Chad,Chad,177,915,
2025-11-20,20251120,Barbados,Barbados,178,914,
2025-11-20,20251120,Cambodia,Cambodia,179,912,
2025-11-20,20251120,Bangladesh,Bangladesh,180,911,
2025-11-20,20251120,Belize,Belize,181,911,
2025-11-20,20251120,Nepal,Nepal,182,902,
2025-11-20,20251120,Dominica,Dominica,183,901,
2025-11-20,20251120,American Samoa,American Samoa,184,883,
2025-11-20,20251120,Mongolia,Mongolia,185,880,
2025-11-20,20251120,Cook Islands,Cook Islands,186,878,
2025-11-20,20251120,Laos,Laos,187,877,
2025-11-20,20251120,Samoa,Samoa,188,876,
2025-11-20,20251120,Brunei,Brunei,189,876,
2025-11-20,20251120,Sao Tome and Principe,Sao Tome and Principe,190,872,
2025-11-20,20251120,Aruba,Aruba,191,868,
2025-11-20,20251120,Bhutan,Bhutan,192,868,
2025-11-20,20251120,Macao,Macao,193,865,
2025-11-20,20251120,Sri Lanka,Sri Lanka,194,857,
2025-11-20,20251120,Cayman Islands,Cayman Islands,195,852,
2025-11-20,20251120,Djibouti,Djibouti,196,848,
2025-11-20,20251120,Tonga,Tonga,197,836,
2025-11-20,20251120,Timor-Leste,Timor-Leste,198,836,
2025-11-20,20251120,Pakistan,Pakistan,199,833,
2025-11-20,20251120,Somalia,Somalia,200,827,
2025-11-20,20251120,Guam,Guam,201,823,
2025-11-20,20251120,Gibraltar,Gibraltar,202,818,
2025-11-20,20251120,Seychelles,Seychelles,203,805,
2025-11-20,20251120,Turks and Caicos Islands,Turks and Caicos Islands,204,804,
2025-11-20,20251120,Liechtenstein,Liechtenstein,205,800,
2025-11-20,20251120,Bahamas,Bahamas,206,797,
2025-11-20,20251120,U.S. Virgin Islands,U.S. Virgin Islands,207,777,
2025-11-20,20251120,British Virgin Islands,British Virgin Islands,208,777,
2025-11-20,20251120,Anguilla,Anguilla,209,760,
2025-11-20,20251120,San Marino,San Marino,210,726,
